-- создание тестовых данных

-- аккаунт
INSERT INTO account (id, title, ownerId)
VALUES (100, 'Test Account', -1);

-- пользователи
INSERT INTO user (id, accountId, role, firstName, ownerId)
VALUES (1000, 100, 'ADMIN', 'Admin', -1),
       (1001, 100, 'ROBOT', 'Robot', 1000),
       (1002, 100, 'SUPPORT', 'Support', 1000),
       (1003, 100, 'CHIEF', 'Chief', 1000),
       (1004, 100, 'MANAGER', 'DF 1', 1000),
       (1005, 100, 'MANAGER', 'TM 11', 1000),
       (1006, 100, 'MANAGER', 'UPF 111', 1000),
       (1007, 100, 'MANAGER', 'DM 1111', 1000),
       (1008, 100, 'MANAGER', 'DF 2', 1000),
       (1009, 100, 'MANAGER', 'TM 21', 1000),
       (1010, 100, 'MANAGER', 'UPF 211', 1000),
       (1011, 100, 'MANAGER', 'DM 2111', 1000),
       (1012, 100, 'MANAGER', 'TM 22', 1000),
       (1013, 100, 'MANAGER', 'UPF 221', 1000),
       (1014, 100, 'MANAGER', 'DM 2211', 1000),
       (1015, 100, 'MANAGER', 'DM 2212', 1000),
       (1016, 100, 'MANAGER', 'UPF 222', 1000),
       (1017, 100, 'MANAGER', 'DM 2221', 1000),
       (1018, 100, 'MANAGER', 'ZDM 2221', 1000),
       (1019, 100, 'MANAGER', 'DM 2222', 1000),
       (1020, 100, 'MANAGER', 'ZDM 2222', 1000);

-- креды
INSERT INTO auth_credential (accountId, userId, username, `key`, ownerId)
VALUES (100, 1000, 'admin', 'admin', 1000),
       (100, 1001, 'robot', 'robot', 1000),
       (100, 1002, 'support', 'support', 1000),
       (100, 1003, 'chief', 'chief', 1000),
       (100, 1004, 'df1004', 'df1004', 1000),
       (100, 1005, 'tm1005', 'tm1005', 1000),
       (100, 1006, 'upf111', 'upf111', 1000),
       (100, 1007, 'dm1111', 'dm1111', 1000),
       (100, 1008, 'df1008', 'df1008', 1000),
       (100, 1009, 'tm1009', 'tm1009', 1000),
       (100, 1010, 'upf211', 'upf211', 1000),
       (100, 1011, 'dm2111', 'dm2111', 1000),
       (100, 1012, 'tm1012', 'tm1012', 1000),
       (100, 1013, 'upf221', 'upf221', 1000),
       (100, 1014, 'dm2211', 'dm2211', 1000),
       (100, 1015, 'dm2212', 'dm2212', 1000),
       (100, 1016, 'upf222', 'upf222', 1000),
       (100, 1017, 'dm2221', 'dm2221', 1000),
       (100, 1018, 'zdm2221', 'zdm2221', 1000),
       (100, 1019, 'dm2222', 'dm2222', 1000),
       (100, 1020, 'zdm2222', 'zdm2222', 1000);

-- регионы
INSERT INTO region (id, accountId, name, ownerId)
VALUES (101, 100, 'ЕКАТ', 1000),
       (102, 100, 'ПЕРМ', 1000),
       (103, 100, 'ТЮМЕН', 1000);

-- магазины
INSERT INTO shop (id, externalId, accountId, name, regionId, city, address, timeOffset, ownerId)
VALUES (101, 'SHOP-1111', 100, 'Магазин 1111', 101, 'Екатеринбург', 'ул. Крылова, 11', 300, 1000),
       (102, 'SHOP-2111', 100, 'Магазин 2111', 102, 'Пермь', 'ул. Багряная, 22', 300, 1000),
       (103, 'SHOP-2211', 100, 'Магазин 2211', 103, 'Тюмень', 'пер. Восточный, 16', 300, 1000),
       (104, 'SHOP-2212', 100, 'Магазин 2212', 103, 'Тюмень', 'ул. Первая, 216', 300, 1000),
       (105, 'SHOP-2221', 100, 'Магазин 2221', 103, 'Тюмень', 'ул. Грузинская, 31', 300, 1000),
       (106, 'SHOP-2222', 100, 'Магазин 2222', 103, 'Тюмень', 'ул. Вермунта, 22', 300, 1000);

-- роли
INSERT INTO shop_manager_role (id, accountid, title, shortTitle, engShortTitle, subLevel,
                               isShopUser, ownerId)
VALUES (1, 100, 'Директор филиала', 'ДФ', 'DF', 100, 0, 1000),
       (2, 100, 'Территориальный менеджер', 'ТМ', 'TM', 90, 0, 1000),
       (3, 100, 'Управляющий по формату', 'УПФ', 'UPF', 80, 0, 1000),
       (4, 100, 'Директор магазина', 'ДМ', 'DM', 20, 1, 1000),
       (5, 100, 'Заместитель директора магазина', 'ЗДМ', 'ZDM', 10, 1, 1000);

-- назначение менеджеров DF
INSERT INTO shop_manager (shopId, roleId, userId, ownerId)
VALUES (101, 1, 1004, 1000),
       (102, 1, 1008, 1000),
       (103, 1, 1008, 1000),
       (104, 1, 1008, 1000),
       (105, 1, 1008, 1000),
       (106, 1, 1008, 1000);

-- назначение менеджеров TM
INSERT INTO shop_manager (shopId, roleId, userId, ownerId)
VALUES (101, 2, 1005, 1000),
       (102, 2, 1009, 1000),
       (103, 2, 1012, 1000),
       (104, 2, 1012, 1000),
       (105, 2, 1012, 1000),
       (106, 2, 1012, 1000);

-- назначение менеджеров UPF
INSERT INTO shop_manager (shopId, roleId, userId, ownerId)
VALUES (101, 3, 1006, 1000),
       (102, 3, 1010, 1000),
       (103, 3, 1013, 1000),
       (104, 3, 1013, 1000),
       (105, 3, 1016, 1000),
       (106, 3, 1016, 1000);

-- назначение менеджеров DM
INSERT INTO shop_manager (shopId, roleId, userId, ownerId)
VALUES (101, 4, 1007, 1000),
       (102, 4, 1011, 1000),
       (103, 4, 1014, 1000),
       (104, 4, 1015, 1000),
       (105, 4, 1017, 1000),
       (106, 4, 1019, 1000);

-- назначение менеджеров ZDM
INSERT INTO shop_manager (shopId, roleId, userId, ownerId)
VALUES (105, 5, 1018, 1000),
       (106, 5, 1020, 1000);
